metadata	InterPro_DBInfo
metadata	ENZYME_Enzyme
metadata	PROTEIN
metadata	PUBLICATION
metadata	InterPro_HomologousSuperfamily
metadata	PROTEIN_DOMAIN
metadata	InterPro_ConservedSite
metadata	InterPro_PTM
metadata	GeneOntology_Typedef
metadata	GeneOntology_Term
metadata	InterPro_ActiveSite
metadata	GeneOntology_SynonymType
metadata	ENZYME_Protein
metadata	InterPro_Classification
metadata	InterPro_Domain
metadata	InterPro_Repeat
metadata	InterPro_BindingSite
metadata	InterPro_Family
metadata	InterPro_Publication
metadata	GeneOntology_Idspace
metadata	GeneOntology_Header
metadata	GeneOntology_Subset
InterPro_DBInfo	ENZYME_Enzyme
InterPro_DBInfo	PROTEIN
InterPro_DBInfo	PUBLICATION
InterPro_DBInfo	PROTEIN_DOMAIN
InterPro_DBInfo	GeneOntology_Typedef
InterPro_DBInfo	GeneOntology_Term
InterPro_DBInfo	GeneOntology_SynonymType
InterPro_DBInfo	ENZYME_Protein
InterPro_DBInfo	GeneOntology_Idspace
InterPro_DBInfo	GeneOntology_Header
InterPro_DBInfo	GeneOntology_Subset
ENZYME_Enzyme	PROTEIN
ENZYME_Enzyme	PUBLICATION
ENZYME_Enzyme	InterPro_HomologousSuperfamily
ENZYME_Enzyme	PROTEIN_DOMAIN
ENZYME_Enzyme	InterPro_ConservedSite
ENZYME_Enzyme	InterPro_PTM
ENZYME_Enzyme	GeneOntology_Typedef
ENZYME_Enzyme	GeneOntology_Term
ENZYME_Enzyme	InterPro_ActiveSite
ENZYME_Enzyme	GeneOntology_SynonymType
ENZYME_Enzyme	InterPro_Classification
ENZYME_Enzyme	InterPro_Domain
ENZYME_Enzyme	InterPro_Repeat
ENZYME_Enzyme	InterPro_BindingSite
ENZYME_Enzyme	InterPro_Family
ENZYME_Enzyme	InterPro_Publication
ENZYME_Enzyme	GeneOntology_Idspace
ENZYME_Enzyme	GeneOntology_Header
ENZYME_Enzyme	GeneOntology_Subset
PROTEIN	PUBLICATION
PROTEIN	InterPro_HomologousSuperfamily
PROTEIN	InterPro_ConservedSite
PROTEIN	InterPro_PTM
PROTEIN	GeneOntology_Typedef
PROTEIN	GeneOntology_Term
PROTEIN	InterPro_ActiveSite
PROTEIN	GeneOntology_SynonymType
PROTEIN	ENZYME_Protein
PROTEIN	InterPro_Classification
PROTEIN	InterPro_Domain
PROTEIN	InterPro_Repeat
PROTEIN	InterPro_BindingSite
PROTEIN	InterPro_Family
PROTEIN	InterPro_Publication
PROTEIN	GeneOntology_Idspace
PROTEIN	GeneOntology_Header
PROTEIN	GeneOntology_Subset
PUBLICATION	InterPro_HomologousSuperfamily
PUBLICATION	PROTEIN_DOMAIN
PUBLICATION	InterPro_ConservedSite
PUBLICATION	InterPro_PTM
PUBLICATION	GeneOntology_Typedef
PUBLICATION	GeneOntology_Term
PUBLICATION	InterPro_ActiveSite
PUBLICATION	GeneOntology_SynonymType
PUBLICATION	ENZYME_Protein
PUBLICATION	InterPro_Classification
PUBLICATION	InterPro_Domain
PUBLICATION	InterPro_Repeat
PUBLICATION	InterPro_BindingSite
PUBLICATION	InterPro_Family
PUBLICATION	InterPro_Publication
PUBLICATION	GeneOntology_Idspace
PUBLICATION	GeneOntology_Header
PUBLICATION	GeneOntology_Subset
InterPro_HomologousSuperfamily	PROTEIN_DOMAIN
InterPro_HomologousSuperfamily	GeneOntology_Typedef
InterPro_HomologousSuperfamily	GeneOntology_Term
InterPro_HomologousSuperfamily	GeneOntology_SynonymType
InterPro_HomologousSuperfamily	ENZYME_Protein
InterPro_HomologousSuperfamily	GeneOntology_Idspace
InterPro_HomologousSuperfamily	GeneOntology_Header
InterPro_HomologousSuperfamily	GeneOntology_Subset
PROTEIN_DOMAIN	InterPro_ConservedSite
PROTEIN_DOMAIN	InterPro_PTM
PROTEIN_DOMAIN	GeneOntology_Typedef
PROTEIN_DOMAIN	GeneOntology_Term
PROTEIN_DOMAIN	InterPro_ActiveSite
PROTEIN_DOMAIN	GeneOntology_SynonymType
PROTEIN_DOMAIN	ENZYME_Protein
PROTEIN_DOMAIN	InterPro_Classification
PROTEIN_DOMAIN	InterPro_Domain
PROTEIN_DOMAIN	InterPro_Repeat
PROTEIN_DOMAIN	InterPro_BindingSite
PROTEIN_DOMAIN	InterPro_Family
PROTEIN_DOMAIN	InterPro_Publication
PROTEIN_DOMAIN	GeneOntology_Idspace
PROTEIN_DOMAIN	GeneOntology_Header
PROTEIN_DOMAIN	GeneOntology_Subset
InterPro_ConservedSite	GeneOntology_Typedef
InterPro_ConservedSite	GeneOntology_Term
InterPro_ConservedSite	GeneOntology_SynonymType
InterPro_ConservedSite	ENZYME_Protein
InterPro_ConservedSite	GeneOntology_Idspace
InterPro_ConservedSite	GeneOntology_Header
InterPro_ConservedSite	GeneOntology_Subset
InterPro_PTM	GeneOntology_Typedef
InterPro_PTM	GeneOntology_Term
InterPro_PTM	GeneOntology_SynonymType
InterPro_PTM	ENZYME_Protein
InterPro_PTM	GeneOntology_Idspace
InterPro_PTM	GeneOntology_Header
InterPro_PTM	GeneOntology_Subset
GeneOntology_Typedef	InterPro_ActiveSite
GeneOntology_Typedef	ENZYME_Protein
GeneOntology_Typedef	InterPro_Classification
GeneOntology_Typedef	InterPro_Domain
GeneOntology_Typedef	InterPro_Repeat
GeneOntology_Typedef	InterPro_BindingSite
GeneOntology_Typedef	InterPro_Family
GeneOntology_Typedef	InterPro_Publication
GeneOntology_Term	InterPro_ActiveSite
GeneOntology_Term	ENZYME_Protein
GeneOntology_Term	InterPro_Classification
GeneOntology_Term	InterPro_Domain
GeneOntology_Term	InterPro_Repeat
GeneOntology_Term	InterPro_BindingSite
GeneOntology_Term	InterPro_Family
GeneOntology_Term	InterPro_Publication
InterPro_ActiveSite	GeneOntology_SynonymType
InterPro_ActiveSite	ENZYME_Protein
InterPro_ActiveSite	GeneOntology_Idspace
InterPro_ActiveSite	GeneOntology_Header
InterPro_ActiveSite	GeneOntology_Subset
GeneOntology_SynonymType	ENZYME_Protein
GeneOntology_SynonymType	InterPro_Classification
GeneOntology_SynonymType	InterPro_Domain
GeneOntology_SynonymType	InterPro_Repeat
GeneOntology_SynonymType	InterPro_BindingSite
GeneOntology_SynonymType	InterPro_Family
GeneOntology_SynonymType	InterPro_Publication
ENZYME_Protein	InterPro_Classification
ENZYME_Protein	InterPro_Domain
ENZYME_Protein	InterPro_Repeat
ENZYME_Protein	InterPro_BindingSite
ENZYME_Protein	InterPro_Family
ENZYME_Protein	InterPro_Publication
ENZYME_Protein	GeneOntology_Idspace
ENZYME_Protein	GeneOntology_Header
ENZYME_Protein	GeneOntology_Subset
InterPro_Classification	GeneOntology_Idspace
InterPro_Classification	GeneOntology_Header
InterPro_Classification	GeneOntology_Subset
InterPro_Domain	GeneOntology_Idspace
InterPro_Domain	GeneOntology_Header
InterPro_Domain	GeneOntology_Subset
InterPro_Repeat	GeneOntology_Idspace
InterPro_Repeat	GeneOntology_Header
InterPro_Repeat	GeneOntology_Subset
InterPro_BindingSite	GeneOntology_Idspace
InterPro_BindingSite	GeneOntology_Header
InterPro_BindingSite	GeneOntology_Subset
InterPro_Family	GeneOntology_Idspace
InterPro_Family	GeneOntology_Header
InterPro_Family	GeneOntology_Subset
InterPro_Publication	GeneOntology_Idspace
InterPro_Publication	GeneOntology_Header
InterPro_Publication	GeneOntology_Subset
CMAUP_Plant	DRUG
CMAUP_Plant	ClinicalTrials.gov_Group
CMAUP_Plant	GeneOntology_Subset
CMAUP_Plant	metadata
CMAUP_Plant	HPO_Subset
CMAUP_Plant	PUBLICATION
CMAUP_Plant	PROTEIN
CMAUP_Plant	RNA
CMAUP_Plant	DiseaseOntology_Subset
CMAUP_Plant	GeneOntology_Typedef
CMAUP_Plant	TAXON
CMAUP_Plant	DiseaseOntology_SynonymType
CMAUP_Plant	ClinicalTrials.gov_Document
CMAUP_Plant	ClinicalTrials.gov_Period
CMAUP_Plant	ClinicalTrials.gov_ClinicalResults
CMAUP_Plant	HPO_Typedef
CMAUP_Plant	ClinicalTrials.gov_Location
CMAUP_Plant	DISEASES_Gene
CMAUP_Plant	DiseaseOntology_Header
CMAUP_Plant	ClinicalTrials.gov_Trial
CMAUP_Plant	HPO_Header
CMAUP_Plant	ClinicalTrials.gov_Outcome
CMAUP_Plant	GENE
CMAUP_Plant	DISEASE
CMAUP_Plant	DISEASES_Disease
CMAUP_Plant	GeneOntology_Header
CMAUP_Plant	CLINICAL_TRIAL
CMAUP_Plant	DGIdb_Drug
CMAUP_Plant	DGIdb_Category
CMAUP_Plant	COMPOUND
CMAUP_Plant	DGIdb_Gene
CMAUP_Plant	DiseaseOntology_Typedef
CMAUP_Plant	ClinicalTrials.gov_Sponsor
CMAUP_Plant	ClinicalTrials.gov_Intervention
CMAUP_Plant	ClinicalTrials.gov_Reference
CMAUP_Plant	ClinicalTrials.gov_ParticipantFlow
CMAUP_Plant	GeneOntology_Idspace
CMAUP_Plant	ClinicalTrials.gov_ArmGroup
CMAUP_Plant	GeneOntology_Term
CMAUP_Plant	GeneOntology_SynonymType
CMAUP_Plant	HPO_SynonymType
CMAUP_Plant	ClinicalTrials.gov_Person
CMAUP_Plant	ClinicalTrials.gov_Milestone
CMAUP_Plant	HPO_Idspace
CMAUP_Plant	HPO_Term
CMAUP_Plant	DiseaseOntology_Term
DRUG	ClinicalTrials.gov_Group
DRUG	GeneOntology_Subset
DRUG	metadata
DRUG	HPO_Subset
DRUG	PUBLICATION
DRUG	PROTEIN
DRUG	RNA
DRUG	DiseaseOntology_Subset
DRUG	GeneOntology_Typedef
DRUG	TAXON
DRUG	DiseaseOntology_SynonymType
DRUG	ClinicalTrials.gov_Document
DRUG	ClinicalTrials.gov_Period
DRUG	ClinicalTrials.gov_ClinicalResults
DRUG	HPO_Typedef
DRUG	ClinicalTrials.gov_Location
DRUG	DISEASES_Gene
DRUG	DiseaseOntology_Header
DRUG	ClinicalTrials.gov_Trial
DRUG	HPO_Header
DRUG	ClinicalTrials.gov_Outcome
DRUG	GENE
DRUG	DISEASE
DRUG	DISEASES_Disease
DRUG	GeneOntology_Header
DRUG	CMAUP_Ingredient
DRUG	CLINICAL_TRIAL
DRUG	DGIdb_Drug
DRUG	DGIdb_Category
DRUG	CMAUP_Target
DRUG	COMPOUND
DRUG	DGIdb_Gene
DRUG	DiseaseOntology_Typedef
DRUG	ClinicalTrials.gov_Sponsor
DRUG	ClinicalTrials.gov_Intervention
DRUG	ClinicalTrials.gov_Reference
DRUG	ClinicalTrials.gov_ParticipantFlow
DRUG	GeneOntology_Idspace
DRUG	ClinicalTrials.gov_ArmGroup
DRUG	GeneOntology_Term
DRUG	GeneOntology_SynonymType
DRUG	HPO_SynonymType
DRUG	ClinicalTrials.gov_Person
DRUG	ClinicalTrials.gov_Milestone
DRUG	HPO_Idspace
DRUG	HPO_Term
DRUG	DiseaseOntology_Term
ClinicalTrials.gov_Group	GeneOntology_Subset
ClinicalTrials.gov_Group	metadata
ClinicalTrials.gov_Group	HPO_Subset
ClinicalTrials.gov_Group	PUBLICATION
ClinicalTrials.gov_Group	PROTEIN
ClinicalTrials.gov_Group	RNA
ClinicalTrials.gov_Group	DiseaseOntology_Subset
ClinicalTrials.gov_Group	GeneOntology_Typedef
ClinicalTrials.gov_Group	TAXON
ClinicalTrials.gov_Group	DiseaseOntology_SynonymType
ClinicalTrials.gov_Group	HPO_Typedef
ClinicalTrials.gov_Group	DISEASES_Gene
ClinicalTrials.gov_Group	DiseaseOntology_Header
ClinicalTrials.gov_Group	HPO_Header
ClinicalTrials.gov_Group	GENE
ClinicalTrials.gov_Group	DISEASE
ClinicalTrials.gov_Group	DISEASES_Disease
ClinicalTrials.gov_Group	GeneOntology_Header
ClinicalTrials.gov_Group	CMAUP_Ingredient
ClinicalTrials.gov_Group	CLINICAL_TRIAL
ClinicalTrials.gov_Group	DGIdb_Drug
ClinicalTrials.gov_Group	DGIdb_Category
ClinicalTrials.gov_Group	CMAUP_Target
ClinicalTrials.gov_Group	COMPOUND
ClinicalTrials.gov_Group	DGIdb_Gene
ClinicalTrials.gov_Group	DiseaseOntology_Typedef
ClinicalTrials.gov_Group	GeneOntology_Idspace
ClinicalTrials.gov_Group	GeneOntology_Term
ClinicalTrials.gov_Group	GeneOntology_SynonymType
ClinicalTrials.gov_Group	HPO_SynonymType
ClinicalTrials.gov_Group	HPO_Idspace
ClinicalTrials.gov_Group	HPO_Term
ClinicalTrials.gov_Group	DiseaseOntology_Term
GeneOntology_Subset	HPO_Subset
GeneOntology_Subset	RNA
GeneOntology_Subset	DiseaseOntology_Subset
GeneOntology_Subset	TAXON
GeneOntology_Subset	DiseaseOntology_SynonymType
GeneOntology_Subset	ClinicalTrials.gov_Document
GeneOntology_Subset	ClinicalTrials.gov_Period
GeneOntology_Subset	ClinicalTrials.gov_ClinicalResults
GeneOntology_Subset	HPO_Typedef
GeneOntology_Subset	ClinicalTrials.gov_Location
GeneOntology_Subset	DISEASES_Gene
GeneOntology_Subset	DiseaseOntology_Header
GeneOntology_Subset	ClinicalTrials.gov_Trial
GeneOntology_Subset	HPO_Header
GeneOntology_Subset	ClinicalTrials.gov_Outcome
GeneOntology_Subset	GENE
GeneOntology_Subset	DISEASE
GeneOntology_Subset	DISEASES_Disease
GeneOntology_Subset	CMAUP_Ingredient
GeneOntology_Subset	CLINICAL_TRIAL
GeneOntology_Subset	DGIdb_Drug
GeneOntology_Subset	DGIdb_Category
GeneOntology_Subset	CMAUP_Target
GeneOntology_Subset	COMPOUND
GeneOntology_Subset	DGIdb_Gene
GeneOntology_Subset	DiseaseOntology_Typedef
GeneOntology_Subset	ClinicalTrials.gov_Sponsor
GeneOntology_Subset	ClinicalTrials.gov_Intervention
GeneOntology_Subset	ClinicalTrials.gov_Reference
GeneOntology_Subset	ClinicalTrials.gov_ParticipantFlow
GeneOntology_Subset	ClinicalTrials.gov_ArmGroup
GeneOntology_Subset	HPO_SynonymType
GeneOntology_Subset	ClinicalTrials.gov_Person
GeneOntology_Subset	ClinicalTrials.gov_Milestone
GeneOntology_Subset	HPO_Idspace
GeneOntology_Subset	HPO_Term
GeneOntology_Subset	DiseaseOntology_Term
metadata	HPO_Subset
metadata	RNA
metadata	DiseaseOntology_Subset
metadata	TAXON
metadata	DiseaseOntology_SynonymType
metadata	ClinicalTrials.gov_Document
metadata	ClinicalTrials.gov_Period
metadata	ClinicalTrials.gov_ClinicalResults
metadata	HPO_Typedef
metadata	ClinicalTrials.gov_Location
metadata	DISEASES_Gene
metadata	DiseaseOntology_Header
metadata	ClinicalTrials.gov_Trial
metadata	HPO_Header
metadata	ClinicalTrials.gov_Outcome
metadata	GENE
metadata	DISEASE
metadata	DISEASES_Disease
metadata	CMAUP_Ingredient
metadata	CLINICAL_TRIAL
metadata	DGIdb_Drug
metadata	DGIdb_Category
metadata	CMAUP_Target
metadata	COMPOUND
metadata	DGIdb_Gene
metadata	DiseaseOntology_Typedef
metadata	ClinicalTrials.gov_Sponsor
metadata	ClinicalTrials.gov_Intervention
metadata	ClinicalTrials.gov_Reference
metadata	ClinicalTrials.gov_ParticipantFlow
metadata	ClinicalTrials.gov_ArmGroup
metadata	HPO_SynonymType
metadata	ClinicalTrials.gov_Person
metadata	ClinicalTrials.gov_Milestone
metadata	HPO_Idspace
metadata	HPO_Term
metadata	DiseaseOntology_Term
HPO_Subset	PUBLICATION
HPO_Subset	PROTEIN
HPO_Subset	RNA
HPO_Subset	DiseaseOntology_Subset
HPO_Subset	GeneOntology_Typedef
HPO_Subset	TAXON
HPO_Subset	DiseaseOntology_SynonymType
HPO_Subset	ClinicalTrials.gov_Document
HPO_Subset	ClinicalTrials.gov_Period
HPO_Subset	ClinicalTrials.gov_ClinicalResults
HPO_Subset	ClinicalTrials.gov_Location
HPO_Subset	DISEASES_Gene
HPO_Subset	DiseaseOntology_Header
HPO_Subset	ClinicalTrials.gov_Trial
HPO_Subset	ClinicalTrials.gov_Outcome
HPO_Subset	GENE
HPO_Subset	DISEASE
HPO_Subset	DISEASES_Disease
HPO_Subset	GeneOntology_Header
HPO_Subset	CMAUP_Ingredient
HPO_Subset	CLINICAL_TRIAL
HPO_Subset	DGIdb_Drug
HPO_Subset	DGIdb_Category
HPO_Subset	CMAUP_Target
HPO_Subset	COMPOUND
HPO_Subset	DGIdb_Gene
HPO_Subset	DiseaseOntology_Typedef
HPO_Subset	ClinicalTrials.gov_Sponsor
HPO_Subset	ClinicalTrials.gov_Intervention
HPO_Subset	ClinicalTrials.gov_Reference
HPO_Subset	ClinicalTrials.gov_ParticipantFlow
HPO_Subset	GeneOntology_Idspace
HPO_Subset	ClinicalTrials.gov_ArmGroup
HPO_Subset	GeneOntology_Term
HPO_Subset	GeneOntology_SynonymType
HPO_Subset	ClinicalTrials.gov_Person
HPO_Subset	ClinicalTrials.gov_Milestone
HPO_Subset	DiseaseOntology_Term
PUBLICATION	RNA
PUBLICATION	DiseaseOntology_Subset
PUBLICATION	TAXON
PUBLICATION	DiseaseOntology_SynonymType
PUBLICATION	ClinicalTrials.gov_Document
PUBLICATION	ClinicalTrials.gov_Period
PUBLICATION	ClinicalTrials.gov_ClinicalResults
PUBLICATION	HPO_Typedef
PUBLICATION	ClinicalTrials.gov_Location
PUBLICATION	DISEASES_Gene
PUBLICATION	DiseaseOntology_Header
PUBLICATION	ClinicalTrials.gov_Trial
PUBLICATION	HPO_Header
PUBLICATION	ClinicalTrials.gov_Outcome
PUBLICATION	GENE
PUBLICATION	DISEASE
PUBLICATION	DISEASES_Disease
PUBLICATION	CMAUP_Ingredient
PUBLICATION	CLINICAL_TRIAL
PUBLICATION	DGIdb_Drug
PUBLICATION	DGIdb_Category
PUBLICATION	CMAUP_Target
PUBLICATION	COMPOUND
PUBLICATION	DGIdb_Gene
PUBLICATION	DiseaseOntology_Typedef
PUBLICATION	ClinicalTrials.gov_Sponsor
PUBLICATION	ClinicalTrials.gov_Intervention
PUBLICATION	ClinicalTrials.gov_Reference
PUBLICATION	ClinicalTrials.gov_ParticipantFlow
PUBLICATION	ClinicalTrials.gov_ArmGroup
PUBLICATION	HPO_SynonymType
PUBLICATION	ClinicalTrials.gov_Person
PUBLICATION	ClinicalTrials.gov_Milestone
PUBLICATION	HPO_Idspace
PUBLICATION	HPO_Term
PUBLICATION	DiseaseOntology_Term
PROTEIN	RNA
PROTEIN	DiseaseOntology_Subset
PROTEIN	TAXON
PROTEIN	DiseaseOntology_SynonymType
PROTEIN	ClinicalTrials.gov_Document
PROTEIN	ClinicalTrials.gov_Period
PROTEIN	ClinicalTrials.gov_ClinicalResults
PROTEIN	HPO_Typedef
PROTEIN	ClinicalTrials.gov_Location
PROTEIN	DISEASES_Gene
PROTEIN	DiseaseOntology_Header
PROTEIN	ClinicalTrials.gov_Trial
PROTEIN	HPO_Header
PROTEIN	ClinicalTrials.gov_Outcome
PROTEIN	GENE
PROTEIN	DISEASE
PROTEIN	DISEASES_Disease
PROTEIN	CMAUP_Ingredient
PROTEIN	CLINICAL_TRIAL
PROTEIN	DGIdb_Drug
PROTEIN	DGIdb_Category
PROTEIN	CMAUP_Target
PROTEIN	COMPOUND
PROTEIN	DGIdb_Gene
PROTEIN	DiseaseOntology_Typedef
PROTEIN	ClinicalTrials.gov_Sponsor
PROTEIN	ClinicalTrials.gov_Intervention
PROTEIN	ClinicalTrials.gov_Reference
PROTEIN	ClinicalTrials.gov_ParticipantFlow
PROTEIN	ClinicalTrials.gov_ArmGroup
PROTEIN	HPO_SynonymType
PROTEIN	ClinicalTrials.gov_Person
PROTEIN	ClinicalTrials.gov_Milestone
PROTEIN	HPO_Idspace
PROTEIN	HPO_Term
PROTEIN	DiseaseOntology_Term
RNA	DiseaseOntology_Subset
RNA	GeneOntology_Typedef
RNA	TAXON
RNA	DiseaseOntology_SynonymType
RNA	ClinicalTrials.gov_Document
RNA	ClinicalTrials.gov_Period
RNA	ClinicalTrials.gov_ClinicalResults
RNA	HPO_Typedef
RNA	ClinicalTrials.gov_Location
RNA	DISEASES_Gene
RNA	DiseaseOntology_Header
RNA	ClinicalTrials.gov_Trial
RNA	HPO_Header
RNA	ClinicalTrials.gov_Outcome
RNA	GENE
RNA	DISEASE
RNA	DISEASES_Disease
RNA	GeneOntology_Header
RNA	CMAUP_Ingredient
RNA	CLINICAL_TRIAL
RNA	DGIdb_Drug
RNA	DGIdb_Category
RNA	CMAUP_Target
RNA	COMPOUND
RNA	DGIdb_Gene
RNA	DiseaseOntology_Typedef
RNA	ClinicalTrials.gov_Sponsor
RNA	ClinicalTrials.gov_Intervention
RNA	ClinicalTrials.gov_Reference
RNA	ClinicalTrials.gov_ParticipantFlow
RNA	GeneOntology_Idspace
RNA	ClinicalTrials.gov_ArmGroup
RNA	GeneOntology_Term
RNA	GeneOntology_SynonymType
RNA	HPO_SynonymType
RNA	ClinicalTrials.gov_Person
RNA	ClinicalTrials.gov_Milestone
RNA	HPO_Idspace
RNA	HPO_Term
RNA	DiseaseOntology_Term
DiseaseOntology_Subset	GeneOntology_Typedef
DiseaseOntology_Subset	TAXON
DiseaseOntology_Subset	ClinicalTrials.gov_Document
DiseaseOntology_Subset	ClinicalTrials.gov_Period
DiseaseOntology_Subset	ClinicalTrials.gov_ClinicalResults
DiseaseOntology_Subset	HPO_Typedef
DiseaseOntology_Subset	ClinicalTrials.gov_Location
DiseaseOntology_Subset	DISEASES_Gene
DiseaseOntology_Subset	ClinicalTrials.gov_Trial
DiseaseOntology_Subset	HPO_Header
DiseaseOntology_Subset	ClinicalTrials.gov_Outcome
DiseaseOntology_Subset	GENE
DiseaseOntology_Subset	DISEASE
DiseaseOntology_Subset	DISEASES_Disease
DiseaseOntology_Subset	GeneOntology_Header
DiseaseOntology_Subset	CMAUP_Ingredient
DiseaseOntology_Subset	CLINICAL_TRIAL
DiseaseOntology_Subset	DGIdb_Drug
DiseaseOntology_Subset	DGIdb_Category
DiseaseOntology_Subset	CMAUP_Target
DiseaseOntology_Subset	COMPOUND
DiseaseOntology_Subset	DGIdb_Gene
DiseaseOntology_Subset	ClinicalTrials.gov_Sponsor
DiseaseOntology_Subset	ClinicalTrials.gov_Intervention
DiseaseOntology_Subset	ClinicalTrials.gov_Reference
DiseaseOntology_Subset	ClinicalTrials.gov_ParticipantFlow
DiseaseOntology_Subset	GeneOntology_Idspace
DiseaseOntology_Subset	ClinicalTrials.gov_ArmGroup
DiseaseOntology_Subset	GeneOntology_Term
DiseaseOntology_Subset	GeneOntology_SynonymType
DiseaseOntology_Subset	HPO_SynonymType
DiseaseOntology_Subset	ClinicalTrials.gov_Person
DiseaseOntology_Subset	ClinicalTrials.gov_Milestone
DiseaseOntology_Subset	HPO_Idspace
DiseaseOntology_Subset	HPO_Term
GeneOntology_Typedef	TAXON
GeneOntology_Typedef	DiseaseOntology_SynonymType
GeneOntology_Typedef	ClinicalTrials.gov_Document
GeneOntology_Typedef	ClinicalTrials.gov_Period
GeneOntology_Typedef	ClinicalTrials.gov_ClinicalResults
GeneOntology_Typedef	HPO_Typedef
GeneOntology_Typedef	ClinicalTrials.gov_Location
GeneOntology_Typedef	DISEASES_Gene
GeneOntology_Typedef	DiseaseOntology_Header
GeneOntology_Typedef	ClinicalTrials.gov_Trial
GeneOntology_Typedef	HPO_Header
GeneOntology_Typedef	ClinicalTrials.gov_Outcome
GeneOntology_Typedef	GENE
GeneOntology_Typedef	DISEASE
GeneOntology_Typedef	DISEASES_Disease
GeneOntology_Typedef	CMAUP_Ingredient
GeneOntology_Typedef	CLINICAL_TRIAL
GeneOntology_Typedef	DGIdb_Drug
GeneOntology_Typedef	DGIdb_Category
GeneOntology_Typedef	CMAUP_Target
GeneOntology_Typedef	COMPOUND
GeneOntology_Typedef	DGIdb_Gene
GeneOntology_Typedef	DiseaseOntology_Typedef
GeneOntology_Typedef	ClinicalTrials.gov_Sponsor
GeneOntology_Typedef	ClinicalTrials.gov_Intervention
GeneOntology_Typedef	ClinicalTrials.gov_Reference
GeneOntology_Typedef	ClinicalTrials.gov_ParticipantFlow
GeneOntology_Typedef	ClinicalTrials.gov_ArmGroup
GeneOntology_Typedef	HPO_SynonymType
GeneOntology_Typedef	ClinicalTrials.gov_Person
GeneOntology_Typedef	ClinicalTrials.gov_Milestone
GeneOntology_Typedef	HPO_Idspace
GeneOntology_Typedef	HPO_Term
GeneOntology_Typedef	DiseaseOntology_Term
TAXON	DiseaseOntology_SynonymType
TAXON	ClinicalTrials.gov_Document
TAXON	ClinicalTrials.gov_Period
TAXON	ClinicalTrials.gov_ClinicalResults
TAXON	HPO_Typedef
TAXON	ClinicalTrials.gov_Location
TAXON	DISEASES_Gene
TAXON	DiseaseOntology_Header
TAXON	ClinicalTrials.gov_Trial
TAXON	HPO_Header
TAXON	ClinicalTrials.gov_Outcome
TAXON	GENE
TAXON	DISEASE
TAXON	DISEASES_Disease
TAXON	GeneOntology_Header
TAXON	CMAUP_Ingredient
TAXON	CLINICAL_TRIAL
TAXON	DGIdb_Drug
TAXON	DGIdb_Category
TAXON	CMAUP_Target
TAXON	COMPOUND
TAXON	DGIdb_Gene
TAXON	DiseaseOntology_Typedef
TAXON	ClinicalTrials.gov_Sponsor
TAXON	ClinicalTrials.gov_Intervention
TAXON	ClinicalTrials.gov_Reference
TAXON	ClinicalTrials.gov_ParticipantFlow
TAXON	GeneOntology_Idspace
TAXON	ClinicalTrials.gov_ArmGroup
TAXON	GeneOntology_Term
TAXON	GeneOntology_SynonymType
TAXON	HPO_SynonymType
TAXON	ClinicalTrials.gov_Person
TAXON	ClinicalTrials.gov_Milestone
TAXON	HPO_Idspace
TAXON	HPO_Term
TAXON	DiseaseOntology_Term
DiseaseOntology_SynonymType	ClinicalTrials.gov_Document
DiseaseOntology_SynonymType	ClinicalTrials.gov_Period
DiseaseOntology_SynonymType	ClinicalTrials.gov_ClinicalResults
DiseaseOntology_SynonymType	HPO_Typedef
DiseaseOntology_SynonymType	ClinicalTrials.gov_Location
DiseaseOntology_SynonymType	DISEASES_Gene
DiseaseOntology_SynonymType	ClinicalTrials.gov_Trial
DiseaseOntology_SynonymType	HPO_Header
DiseaseOntology_SynonymType	ClinicalTrials.gov_Outcome
DiseaseOntology_SynonymType	GENE
DiseaseOntology_SynonymType	DISEASE
DiseaseOntology_SynonymType	DISEASES_Disease
DiseaseOntology_SynonymType	GeneOntology_Header
DiseaseOntology_SynonymType	CMAUP_Ingredient
DiseaseOntology_SynonymType	CLINICAL_TRIAL
DiseaseOntology_SynonymType	DGIdb_Drug
DiseaseOntology_SynonymType	DGIdb_Category
DiseaseOntology_SynonymType	CMAUP_Target
DiseaseOntology_SynonymType	COMPOUND
DiseaseOntology_SynonymType	DGIdb_Gene
DiseaseOntology_SynonymType	ClinicalTrials.gov_Sponsor
DiseaseOntology_SynonymType	ClinicalTrials.gov_Intervention
DiseaseOntology_SynonymType	ClinicalTrials.gov_Reference
DiseaseOntology_SynonymType	ClinicalTrials.gov_ParticipantFlow
DiseaseOntology_SynonymType	GeneOntology_Idspace
DiseaseOntology_SynonymType	ClinicalTrials.gov_ArmGroup
DiseaseOntology_SynonymType	GeneOntology_Term
DiseaseOntology_SynonymType	GeneOntology_SynonymType
DiseaseOntology_SynonymType	HPO_SynonymType
DiseaseOntology_SynonymType	ClinicalTrials.gov_Person
DiseaseOntology_SynonymType	ClinicalTrials.gov_Milestone
DiseaseOntology_SynonymType	HPO_Idspace
DiseaseOntology_SynonymType	HPO_Term
ClinicalTrials.gov_Document	HPO_Typedef
ClinicalTrials.gov_Document	DISEASES_Gene
ClinicalTrials.gov_Document	DiseaseOntology_Header
ClinicalTrials.gov_Document	HPO_Header
ClinicalTrials.gov_Document	GENE
ClinicalTrials.gov_Document	DISEASE
ClinicalTrials.gov_Document	DISEASES_Disease
ClinicalTrials.gov_Document	GeneOntology_Header
ClinicalTrials.gov_Document	CMAUP_Ingredient
ClinicalTrials.gov_Document	CLINICAL_TRIAL
ClinicalTrials.gov_Document	DGIdb_Drug
ClinicalTrials.gov_Document	DGIdb_Category
ClinicalTrials.gov_Document	CMAUP_Target
ClinicalTrials.gov_Document	COMPOUND
ClinicalTrials.gov_Document	DGIdb_Gene
ClinicalTrials.gov_Document	DiseaseOntology_Typedef
ClinicalTrials.gov_Document	GeneOntology_Idspace
ClinicalTrials.gov_Document	GeneOntology_Term
ClinicalTrials.gov_Document	GeneOntology_SynonymType
ClinicalTrials.gov_Document	HPO_SynonymType
ClinicalTrials.gov_Document	HPO_Idspace
ClinicalTrials.gov_Document	HPO_Term
ClinicalTrials.gov_Document	DiseaseOntology_Term
ClinicalTrials.gov_Period	HPO_Typedef
ClinicalTrials.gov_Period	DISEASES_Gene
ClinicalTrials.gov_Period	DiseaseOntology_Header
ClinicalTrials.gov_Period	HPO_Header
ClinicalTrials.gov_Period	GENE
ClinicalTrials.gov_Period	DISEASE
ClinicalTrials.gov_Period	DISEASES_Disease
ClinicalTrials.gov_Period	GeneOntology_Header
ClinicalTrials.gov_Period	CMAUP_Ingredient
ClinicalTrials.gov_Period	CLINICAL_TRIAL
ClinicalTrials.gov_Period	DGIdb_Drug
ClinicalTrials.gov_Period	DGIdb_Category
ClinicalTrials.gov_Period	CMAUP_Target
ClinicalTrials.gov_Period	COMPOUND
ClinicalTrials.gov_Period	DGIdb_Gene
ClinicalTrials.gov_Period	DiseaseOntology_Typedef
ClinicalTrials.gov_Period	GeneOntology_Idspace
ClinicalTrials.gov_Period	GeneOntology_Term
ClinicalTrials.gov_Period	GeneOntology_SynonymType
ClinicalTrials.gov_Period	HPO_SynonymType
ClinicalTrials.gov_Period	HPO_Idspace
ClinicalTrials.gov_Period	HPO_Term
ClinicalTrials.gov_Period	DiseaseOntology_Term
ClinicalTrials.gov_ClinicalResults	HPO_Typedef
ClinicalTrials.gov_ClinicalResults	DISEASES_Gene
ClinicalTrials.gov_ClinicalResults	DiseaseOntology_Header
ClinicalTrials.gov_ClinicalResults	HPO_Header
ClinicalTrials.gov_ClinicalResults	GENE
ClinicalTrials.gov_ClinicalResults	DISEASE
ClinicalTrials.gov_ClinicalResults	DISEASES_Disease
ClinicalTrials.gov_ClinicalResults	GeneOntology_Header
ClinicalTrials.gov_ClinicalResults	CMAUP_Ingredient
ClinicalTrials.gov_ClinicalResults	CLINICAL_TRIAL
ClinicalTrials.gov_ClinicalResults	DGIdb_Drug
ClinicalTrials.gov_ClinicalResults	DGIdb_Category
ClinicalTrials.gov_ClinicalResults	CMAUP_Target
ClinicalTrials.gov_ClinicalResults	COMPOUND
ClinicalTrials.gov_ClinicalResults	DGIdb_Gene
ClinicalTrials.gov_ClinicalResults	DiseaseOntology_Typedef
ClinicalTrials.gov_ClinicalResults	GeneOntology_Idspace
ClinicalTrials.gov_ClinicalResults	GeneOntology_Term
ClinicalTrials.gov_ClinicalResults	GeneOntology_SynonymType
ClinicalTrials.gov_ClinicalResults	HPO_SynonymType
ClinicalTrials.gov_ClinicalResults	HPO_Idspace
ClinicalTrials.gov_ClinicalResults	HPO_Term
ClinicalTrials.gov_ClinicalResults	DiseaseOntology_Term
HPO_Typedef	ClinicalTrials.gov_Location
HPO_Typedef	DISEASES_Gene
HPO_Typedef	DiseaseOntology_Header
HPO_Typedef	ClinicalTrials.gov_Trial
HPO_Typedef	ClinicalTrials.gov_Outcome
HPO_Typedef	GENE
HPO_Typedef	DISEASE
HPO_Typedef	DISEASES_Disease
HPO_Typedef	GeneOntology_Header
HPO_Typedef	CMAUP_Ingredient
HPO_Typedef	CLINICAL_TRIAL
HPO_Typedef	DGIdb_Drug
HPO_Typedef	DGIdb_Category
HPO_Typedef	CMAUP_Target
HPO_Typedef	COMPOUND
HPO_Typedef	DGIdb_Gene
HPO_Typedef	DiseaseOntology_Typedef
HPO_Typedef	ClinicalTrials.gov_Sponsor
HPO_Typedef	ClinicalTrials.gov_Intervention
HPO_Typedef	ClinicalTrials.gov_Reference
HPO_Typedef	ClinicalTrials.gov_ParticipantFlow
HPO_Typedef	GeneOntology_Idspace
HPO_Typedef	ClinicalTrials.gov_ArmGroup
HPO_Typedef	GeneOntology_Term
HPO_Typedef	GeneOntology_SynonymType
HPO_Typedef	ClinicalTrials.gov_Person
HPO_Typedef	ClinicalTrials.gov_Milestone
HPO_Typedef	DiseaseOntology_Term
ClinicalTrials.gov_Location	DISEASES_Gene
ClinicalTrials.gov_Location	DiseaseOntology_Header
ClinicalTrials.gov_Location	HPO_Header
ClinicalTrials.gov_Location	GENE
ClinicalTrials.gov_Location	DISEASE
ClinicalTrials.gov_Location	DISEASES_Disease
ClinicalTrials.gov_Location	GeneOntology_Header
ClinicalTrials.gov_Location	CMAUP_Ingredient
ClinicalTrials.gov_Location	CLINICAL_TRIAL
ClinicalTrials.gov_Location	DGIdb_Drug
ClinicalTrials.gov_Location	DGIdb_Category
ClinicalTrials.gov_Location	CMAUP_Target
ClinicalTrials.gov_Location	COMPOUND
ClinicalTrials.gov_Location	DGIdb_Gene
ClinicalTrials.gov_Location	DiseaseOntology_Typedef
ClinicalTrials.gov_Location	GeneOntology_Idspace
ClinicalTrials.gov_Location	GeneOntology_Term
ClinicalTrials.gov_Location	GeneOntology_SynonymType
ClinicalTrials.gov_Location	HPO_SynonymType
ClinicalTrials.gov_Location	HPO_Idspace
ClinicalTrials.gov_Location	HPO_Term
ClinicalTrials.gov_Location	DiseaseOntology_Term
DISEASES_Gene	DiseaseOntology_Header
DISEASES_Gene	ClinicalTrials.gov_Trial
DISEASES_Gene	HPO_Header
DISEASES_Gene	ClinicalTrials.gov_Outcome
DISEASES_Gene	GENE
DISEASES_Gene	DISEASE
DISEASES_Gene	GeneOntology_Header
DISEASES_Gene	CMAUP_Ingredient
DISEASES_Gene	CLINICAL_TRIAL
DISEASES_Gene	DGIdb_Drug
DISEASES_Gene	DGIdb_Category
DISEASES_Gene	CMAUP_Target
DISEASES_Gene	COMPOUND
DISEASES_Gene	DGIdb_Gene
DISEASES_Gene	DiseaseOntology_Typedef
DISEASES_Gene	ClinicalTrials.gov_Sponsor
DISEASES_Gene	ClinicalTrials.gov_Intervention
DISEASES_Gene	ClinicalTrials.gov_Reference
DISEASES_Gene	ClinicalTrials.gov_ParticipantFlow
DISEASES_Gene	GeneOntology_Idspace
DISEASES_Gene	ClinicalTrials.gov_ArmGroup
DISEASES_Gene	GeneOntology_Term
DISEASES_Gene	GeneOntology_SynonymType
DISEASES_Gene	HPO_SynonymType
DISEASES_Gene	ClinicalTrials.gov_Person
DISEASES_Gene	ClinicalTrials.gov_Milestone
DISEASES_Gene	HPO_Idspace
DISEASES_Gene	HPO_Term
DISEASES_Gene	DiseaseOntology_Term
DiseaseOntology_Header	ClinicalTrials.gov_Trial
DiseaseOntology_Header	HPO_Header
DiseaseOntology_Header	ClinicalTrials.gov_Outcome
DiseaseOntology_Header	GENE
DiseaseOntology_Header	DISEASE
DiseaseOntology_Header	DISEASES_Disease
DiseaseOntology_Header	GeneOntology_Header
DiseaseOntology_Header	CMAUP_Ingredient
DiseaseOntology_Header	CLINICAL_TRIAL
DiseaseOntology_Header	DGIdb_Drug
DiseaseOntology_Header	DGIdb_Category
DiseaseOntology_Header	CMAUP_Target
DiseaseOntology_Header	COMPOUND
DiseaseOntology_Header	DGIdb_Gene
DiseaseOntology_Header	ClinicalTrials.gov_Sponsor
DiseaseOntology_Header	ClinicalTrials.gov_Intervention
DiseaseOntology_Header	ClinicalTrials.gov_Reference
DiseaseOntology_Header	ClinicalTrials.gov_ParticipantFlow
DiseaseOntology_Header	GeneOntology_Idspace
DiseaseOntology_Header	ClinicalTrials.gov_ArmGroup
DiseaseOntology_Header	GeneOntology_Term
DiseaseOntology_Header	GeneOntology_SynonymType
DiseaseOntology_Header	HPO_SynonymType
DiseaseOntology_Header	ClinicalTrials.gov_Person
DiseaseOntology_Header	ClinicalTrials.gov_Milestone
DiseaseOntology_Header	HPO_Idspace
DiseaseOntology_Header	HPO_Term
ClinicalTrials.gov_Trial	HPO_Header
ClinicalTrials.gov_Trial	GENE
ClinicalTrials.gov_Trial	DISEASE
ClinicalTrials.gov_Trial	DISEASES_Disease
ClinicalTrials.gov_Trial	GeneOntology_Header
ClinicalTrials.gov_Trial	CMAUP_Ingredient
ClinicalTrials.gov_Trial	CLINICAL_TRIAL
ClinicalTrials.gov_Trial	DGIdb_Drug
ClinicalTrials.gov_Trial	DGIdb_Category
ClinicalTrials.gov_Trial	CMAUP_Target
ClinicalTrials.gov_Trial	COMPOUND
ClinicalTrials.gov_Trial	DGIdb_Gene
ClinicalTrials.gov_Trial	DiseaseOntology_Typedef
ClinicalTrials.gov_Trial	GeneOntology_Idspace
ClinicalTrials.gov_Trial	GeneOntology_Term
ClinicalTrials.gov_Trial	GeneOntology_SynonymType
ClinicalTrials.gov_Trial	HPO_SynonymType
ClinicalTrials.gov_Trial	HPO_Idspace
ClinicalTrials.gov_Trial	HPO_Term
ClinicalTrials.gov_Trial	DiseaseOntology_Term
HPO_Header	ClinicalTrials.gov_Outcome
HPO_Header	GENE
HPO_Header	DISEASE
HPO_Header	DISEASES_Disease
HPO_Header	GeneOntology_Header
HPO_Header	CMAUP_Ingredient
HPO_Header	CLINICAL_TRIAL
HPO_Header	DGIdb_Drug
HPO_Header	DGIdb_Category
HPO_Header	CMAUP_Target
HPO_Header	COMPOUND
HPO_Header	DGIdb_Gene
HPO_Header	DiseaseOntology_Typedef
HPO_Header	ClinicalTrials.gov_Sponsor
HPO_Header	ClinicalTrials.gov_Intervention
HPO_Header	ClinicalTrials.gov_Reference
HPO_Header	ClinicalTrials.gov_ParticipantFlow
HPO_Header	GeneOntology_Idspace
HPO_Header	ClinicalTrials.gov_ArmGroup
HPO_Header	GeneOntology_Term
HPO_Header	GeneOntology_SynonymType
HPO_Header	ClinicalTrials.gov_Person
HPO_Header	ClinicalTrials.gov_Milestone
HPO_Header	DiseaseOntology_Term
ClinicalTrials.gov_Outcome	GENE
ClinicalTrials.gov_Outcome	DISEASE
ClinicalTrials.gov_Outcome	DISEASES_Disease
ClinicalTrials.gov_Outcome	GeneOntology_Header
ClinicalTrials.gov_Outcome	CMAUP_Ingredient
ClinicalTrials.gov_Outcome	CLINICAL_TRIAL
ClinicalTrials.gov_Outcome	DGIdb_Drug
ClinicalTrials.gov_Outcome	DGIdb_Category
ClinicalTrials.gov_Outcome	CMAUP_Target
ClinicalTrials.gov_Outcome	COMPOUND
ClinicalTrials.gov_Outcome	DGIdb_Gene
ClinicalTrials.gov_Outcome	DiseaseOntology_Typedef
ClinicalTrials.gov_Outcome	GeneOntology_Idspace
ClinicalTrials.gov_Outcome	GeneOntology_Term
ClinicalTrials.gov_Outcome	GeneOntology_SynonymType
ClinicalTrials.gov_Outcome	HPO_SynonymType
ClinicalTrials.gov_Outcome	HPO_Idspace
ClinicalTrials.gov_Outcome	HPO_Term
ClinicalTrials.gov_Outcome	DiseaseOntology_Term
GENE	DISEASE
GENE	DISEASES_Disease
GENE	GeneOntology_Header
GENE	CMAUP_Ingredient
GENE	CLINICAL_TRIAL
GENE	DGIdb_Drug
GENE	DGIdb_Category
GENE	CMAUP_Target
GENE	COMPOUND
GENE	DGIdb_Gene
GENE	DiseaseOntology_Typedef
GENE	ClinicalTrials.gov_Sponsor
GENE	ClinicalTrials.gov_Intervention
GENE	ClinicalTrials.gov_Reference
GENE	ClinicalTrials.gov_ParticipantFlow
GENE	GeneOntology_Idspace
GENE	ClinicalTrials.gov_ArmGroup
GENE	GeneOntology_Term
GENE	GeneOntology_SynonymType
GENE	HPO_SynonymType
GENE	ClinicalTrials.gov_Person
GENE	ClinicalTrials.gov_Milestone
GENE	HPO_Idspace
GENE	HPO_Term
GENE	DiseaseOntology_Term
DISEASE	DISEASES_Disease
DISEASE	GeneOntology_Header
DISEASE	CMAUP_Ingredient
DISEASE	CLINICAL_TRIAL
DISEASE	DGIdb_Drug
DISEASE	DGIdb_Category
DISEASE	CMAUP_Target
DISEASE	COMPOUND
DISEASE	DGIdb_Gene
DISEASE	DiseaseOntology_Typedef
DISEASE	ClinicalTrials.gov_Sponsor
DISEASE	ClinicalTrials.gov_Intervention
DISEASE	ClinicalTrials.gov_Reference
DISEASE	ClinicalTrials.gov_ParticipantFlow
DISEASE	GeneOntology_Idspace
DISEASE	ClinicalTrials.gov_ArmGroup
DISEASE	GeneOntology_Term
DISEASE	GeneOntology_SynonymType
DISEASE	HPO_SynonymType
DISEASE	ClinicalTrials.gov_Person
DISEASE	ClinicalTrials.gov_Milestone
DISEASE	HPO_Idspace
DISEASE	HPO_Term
DISEASE	DiseaseOntology_Term
DISEASES_Disease	GeneOntology_Header
DISEASES_Disease	CMAUP_Ingredient
DISEASES_Disease	CLINICAL_TRIAL
DISEASES_Disease	DGIdb_Drug
DISEASES_Disease	DGIdb_Category
DISEASES_Disease	CMAUP_Target
DISEASES_Disease	COMPOUND
DISEASES_Disease	DGIdb_Gene
DISEASES_Disease	DiseaseOntology_Typedef
DISEASES_Disease	ClinicalTrials.gov_Sponsor
DISEASES_Disease	ClinicalTrials.gov_Intervention
DISEASES_Disease	ClinicalTrials.gov_Reference
DISEASES_Disease	ClinicalTrials.gov_ParticipantFlow
DISEASES_Disease	GeneOntology_Idspace
DISEASES_Disease	ClinicalTrials.gov_ArmGroup
DISEASES_Disease	GeneOntology_Term
DISEASES_Disease	GeneOntology_SynonymType
DISEASES_Disease	HPO_SynonymType
DISEASES_Disease	ClinicalTrials.gov_Person
DISEASES_Disease	ClinicalTrials.gov_Milestone
DISEASES_Disease	HPO_Idspace
DISEASES_Disease	HPO_Term
DISEASES_Disease	DiseaseOntology_Term
GeneOntology_Header	CMAUP_Ingredient
GeneOntology_Header	CLINICAL_TRIAL
GeneOntology_Header	DGIdb_Drug
GeneOntology_Header	DGIdb_Category
GeneOntology_Header	CMAUP_Target
GeneOntology_Header	COMPOUND
GeneOntology_Header	DGIdb_Gene
GeneOntology_Header	DiseaseOntology_Typedef
GeneOntology_Header	ClinicalTrials.gov_Sponsor
GeneOntology_Header	ClinicalTrials.gov_Intervention
GeneOntology_Header	ClinicalTrials.gov_Reference
GeneOntology_Header	ClinicalTrials.gov_ParticipantFlow
GeneOntology_Header	ClinicalTrials.gov_ArmGroup
GeneOntology_Header	HPO_SynonymType
GeneOntology_Header	ClinicalTrials.gov_Person
GeneOntology_Header	ClinicalTrials.gov_Milestone
GeneOntology_Header	HPO_Idspace
GeneOntology_Header	HPO_Term
GeneOntology_Header	DiseaseOntology_Term
CMAUP_Ingredient	CLINICAL_TRIAL
CMAUP_Ingredient	DGIdb_Drug
CMAUP_Ingredient	DGIdb_Category
CMAUP_Ingredient	COMPOUND
CMAUP_Ingredient	DGIdb_Gene
CMAUP_Ingredient	DiseaseOntology_Typedef
CMAUP_Ingredient	ClinicalTrials.gov_Sponsor
CMAUP_Ingredient	ClinicalTrials.gov_Intervention
CMAUP_Ingredient	ClinicalTrials.gov_Reference
CMAUP_Ingredient	ClinicalTrials.gov_ParticipantFlow
CMAUP_Ingredient	GeneOntology_Idspace
CMAUP_Ingredient	ClinicalTrials.gov_ArmGroup
CMAUP_Ingredient	GeneOntology_Term
CMAUP_Ingredient	GeneOntology_SynonymType
CMAUP_Ingredient	HPO_SynonymType
CMAUP_Ingredient	ClinicalTrials.gov_Person
CMAUP_Ingredient	ClinicalTrials.gov_Milestone
CMAUP_Ingredient	HPO_Idspace
CMAUP_Ingredient	HPO_Term
CMAUP_Ingredient	DiseaseOntology_Term
CLINICAL_TRIAL	DGIdb_Drug
CLINICAL_TRIAL	DGIdb_Category
CLINICAL_TRIAL	CMAUP_Target
CLINICAL_TRIAL	COMPOUND
CLINICAL_TRIAL	DGIdb_Gene
CLINICAL_TRIAL	DiseaseOntology_Typedef
CLINICAL_TRIAL	ClinicalTrials.gov_Sponsor
CLINICAL_TRIAL	ClinicalTrials.gov_Intervention
CLINICAL_TRIAL	ClinicalTrials.gov_Reference
CLINICAL_TRIAL	ClinicalTrials.gov_ParticipantFlow
CLINICAL_TRIAL	GeneOntology_Idspace
CLINICAL_TRIAL	ClinicalTrials.gov_ArmGroup
CLINICAL_TRIAL	GeneOntology_Term
CLINICAL_TRIAL	GeneOntology_SynonymType
CLINICAL_TRIAL	HPO_SynonymType
CLINICAL_TRIAL	ClinicalTrials.gov_Person
CLINICAL_TRIAL	ClinicalTrials.gov_Milestone
CLINICAL_TRIAL	HPO_Idspace
CLINICAL_TRIAL	HPO_Term
CLINICAL_TRIAL	DiseaseOntology_Term
DGIdb_Drug	CMAUP_Target
DGIdb_Drug	COMPOUND
DGIdb_Drug	DiseaseOntology_Typedef
DGIdb_Drug	ClinicalTrials.gov_Sponsor
DGIdb_Drug	ClinicalTrials.gov_Intervention
DGIdb_Drug	ClinicalTrials.gov_Reference
DGIdb_Drug	ClinicalTrials.gov_ParticipantFlow
DGIdb_Drug	GeneOntology_Idspace
DGIdb_Drug	ClinicalTrials.gov_ArmGroup
DGIdb_Drug	GeneOntology_Term
DGIdb_Drug	GeneOntology_SynonymType
DGIdb_Drug	HPO_SynonymType
DGIdb_Drug	ClinicalTrials.gov_Person
DGIdb_Drug	ClinicalTrials.gov_Milestone
DGIdb_Drug	HPO_Idspace
DGIdb_Drug	HPO_Term
DGIdb_Drug	DiseaseOntology_Term
DGIdb_Category	CMAUP_Target
DGIdb_Category	COMPOUND
DGIdb_Category	DiseaseOntology_Typedef
DGIdb_Category	ClinicalTrials.gov_Sponsor
DGIdb_Category	ClinicalTrials.gov_Intervention
DGIdb_Category	ClinicalTrials.gov_Reference
DGIdb_Category	ClinicalTrials.gov_ParticipantFlow
DGIdb_Category	GeneOntology_Idspace
DGIdb_Category	ClinicalTrials.gov_ArmGroup
DGIdb_Category	GeneOntology_Term
DGIdb_Category	GeneOntology_SynonymType
DGIdb_Category	HPO_SynonymType
DGIdb_Category	ClinicalTrials.gov_Person
DGIdb_Category	ClinicalTrials.gov_Milestone
DGIdb_Category	HPO_Idspace
DGIdb_Category	HPO_Term
DGIdb_Category	DiseaseOntology_Term
CMAUP_Target	COMPOUND
CMAUP_Target	DGIdb_Gene
CMAUP_Target	DiseaseOntology_Typedef
CMAUP_Target	ClinicalTrials.gov_Sponsor
CMAUP_Target	ClinicalTrials.gov_Intervention
CMAUP_Target	ClinicalTrials.gov_Reference
CMAUP_Target	ClinicalTrials.gov_ParticipantFlow
CMAUP_Target	GeneOntology_Idspace
CMAUP_Target	ClinicalTrials.gov_ArmGroup
CMAUP_Target	GeneOntology_Term
CMAUP_Target	GeneOntology_SynonymType
CMAUP_Target	HPO_SynonymType
CMAUP_Target	ClinicalTrials.gov_Person
CMAUP_Target	ClinicalTrials.gov_Milestone
CMAUP_Target	HPO_Idspace
CMAUP_Target	HPO_Term
CMAUP_Target	DiseaseOntology_Term
COMPOUND	DGIdb_Gene
COMPOUND	DiseaseOntology_Typedef
COMPOUND	ClinicalTrials.gov_Sponsor
COMPOUND	ClinicalTrials.gov_Intervention
COMPOUND	ClinicalTrials.gov_Reference
COMPOUND	ClinicalTrials.gov_ParticipantFlow
COMPOUND	GeneOntology_Idspace
COMPOUND	ClinicalTrials.gov_ArmGroup
COMPOUND	GeneOntology_Term
COMPOUND	GeneOntology_SynonymType
COMPOUND	HPO_SynonymType
COMPOUND	ClinicalTrials.gov_Person
COMPOUND	ClinicalTrials.gov_Milestone
COMPOUND	HPO_Idspace
COMPOUND	HPO_Term
COMPOUND	DiseaseOntology_Term
DGIdb_Gene	DiseaseOntology_Typedef
DGIdb_Gene	ClinicalTrials.gov_Sponsor
DGIdb_Gene	ClinicalTrials.gov_Intervention
DGIdb_Gene	ClinicalTrials.gov_Reference
DGIdb_Gene	ClinicalTrials.gov_ParticipantFlow
DGIdb_Gene	GeneOntology_Idspace
DGIdb_Gene	ClinicalTrials.gov_ArmGroup
DGIdb_Gene	GeneOntology_Term
DGIdb_Gene	GeneOntology_SynonymType
DGIdb_Gene	HPO_SynonymType
DGIdb_Gene	ClinicalTrials.gov_Person
DGIdb_Gene	ClinicalTrials.gov_Milestone
DGIdb_Gene	HPO_Idspace
DGIdb_Gene	HPO_Term
DGIdb_Gene	DiseaseOntology_Term
DiseaseOntology_Typedef	ClinicalTrials.gov_Sponsor
DiseaseOntology_Typedef	ClinicalTrials.gov_Intervention
DiseaseOntology_Typedef	ClinicalTrials.gov_Reference
DiseaseOntology_Typedef	ClinicalTrials.gov_ParticipantFlow
DiseaseOntology_Typedef	GeneOntology_Idspace
DiseaseOntology_Typedef	ClinicalTrials.gov_ArmGroup
DiseaseOntology_Typedef	GeneOntology_Term
DiseaseOntology_Typedef	GeneOntology_SynonymType
DiseaseOntology_Typedef	HPO_SynonymType
DiseaseOntology_Typedef	ClinicalTrials.gov_Person
DiseaseOntology_Typedef	ClinicalTrials.gov_Milestone
DiseaseOntology_Typedef	HPO_Idspace
DiseaseOntology_Typedef	HPO_Term
ClinicalTrials.gov_Sponsor	GeneOntology_Idspace
ClinicalTrials.gov_Sponsor	GeneOntology_Term
ClinicalTrials.gov_Sponsor	GeneOntology_SynonymType
ClinicalTrials.gov_Sponsor	HPO_SynonymType
ClinicalTrials.gov_Sponsor	HPO_Idspace
ClinicalTrials.gov_Sponsor	HPO_Term
ClinicalTrials.gov_Sponsor	DiseaseOntology_Term
ClinicalTrials.gov_Intervention	GeneOntology_Idspace
ClinicalTrials.gov_Intervention	GeneOntology_Term
ClinicalTrials.gov_Intervention	GeneOntology_SynonymType
ClinicalTrials.gov_Intervention	HPO_SynonymType
ClinicalTrials.gov_Intervention	HPO_Idspace
ClinicalTrials.gov_Intervention	HPO_Term
ClinicalTrials.gov_Intervention	DiseaseOntology_Term
ClinicalTrials.gov_Reference	GeneOntology_Idspace
ClinicalTrials.gov_Reference	GeneOntology_Term
ClinicalTrials.gov_Reference	GeneOntology_SynonymType
ClinicalTrials.gov_Reference	HPO_SynonymType
ClinicalTrials.gov_Reference	HPO_Idspace
ClinicalTrials.gov_Reference	HPO_Term
ClinicalTrials.gov_Reference	DiseaseOntology_Term
ClinicalTrials.gov_ParticipantFlow	GeneOntology_Idspace
ClinicalTrials.gov_ParticipantFlow	GeneOntology_Term
ClinicalTrials.gov_ParticipantFlow	GeneOntology_SynonymType
ClinicalTrials.gov_ParticipantFlow	HPO_SynonymType
ClinicalTrials.gov_ParticipantFlow	HPO_Idspace
ClinicalTrials.gov_ParticipantFlow	HPO_Term
ClinicalTrials.gov_ParticipantFlow	DiseaseOntology_Term
GeneOntology_Idspace	ClinicalTrials.gov_ArmGroup
GeneOntology_Idspace	HPO_SynonymType
GeneOntology_Idspace	ClinicalTrials.gov_Person
GeneOntology_Idspace	ClinicalTrials.gov_Milestone
GeneOntology_Idspace	HPO_Idspace
GeneOntology_Idspace	HPO_Term
GeneOntology_Idspace	DiseaseOntology_Term
ClinicalTrials.gov_ArmGroup	GeneOntology_Term
ClinicalTrials.gov_ArmGroup	GeneOntology_SynonymType
ClinicalTrials.gov_ArmGroup	HPO_SynonymType
ClinicalTrials.gov_ArmGroup	HPO_Idspace
ClinicalTrials.gov_ArmGroup	HPO_Term
ClinicalTrials.gov_ArmGroup	DiseaseOntology_Term
GeneOntology_Term	HPO_SynonymType
GeneOntology_Term	ClinicalTrials.gov_Person
GeneOntology_Term	ClinicalTrials.gov_Milestone
GeneOntology_Term	HPO_Idspace
GeneOntology_Term	HPO_Term
GeneOntology_Term	DiseaseOntology_Term
GeneOntology_SynonymType	HPO_SynonymType
GeneOntology_SynonymType	ClinicalTrials.gov_Person
GeneOntology_SynonymType	ClinicalTrials.gov_Milestone
GeneOntology_SynonymType	HPO_Idspace
GeneOntology_SynonymType	HPO_Term
GeneOntology_SynonymType	DiseaseOntology_Term
HPO_SynonymType	ClinicalTrials.gov_Person
HPO_SynonymType	ClinicalTrials.gov_Milestone
HPO_SynonymType	DiseaseOntology_Term
ClinicalTrials.gov_Person	HPO_Idspace
ClinicalTrials.gov_Person	HPO_Term
ClinicalTrials.gov_Person	DiseaseOntology_Term
ClinicalTrials.gov_Milestone	HPO_Idspace
ClinicalTrials.gov_Milestone	HPO_Term
ClinicalTrials.gov_Milestone	DiseaseOntology_Term
HPO_Idspace	DiseaseOntology_Term
HPO_Term	DiseaseOntology_Term
